sony;calle 1;21321321;maria
sony;calle 2;21321322;maria
sony;calle 3;21321323;maria
sony;calle 4;21321324;maria
sony;calle 5;21321325;maria
sony;calle 6;21321326;maria
sony;calle 7;21321327;maria
sony;calle 8;21321328;maria
sony;calle 9;21321329;maria
sony;calle 10;21321330;maria
sony;calle 11;21321331;maria
sony;calle 12;21321332;maria
sony;calle 13;21321333;maria
sony;calle 14;21321334;maria
sony;calle 15;21321335;maria
sony;calle 16;21321336;maria
sony;calle 17;21321337;maria
sony;calle 18;21321338;maria
sony;calle 19;21321339;maria
sony;calle 20;21321340;maria
sony;calle 21;21321341;maria
sony;calle 22;21321342;maria
sony;calle 23;21321343;maria
sony;calle 24;21321344;maria
sony;calle 25;21321345;maria
sony;calle 26;21321346;maria
sony;calle 27;21321347;maria
sony;calle 28;21321348;maria
sony;calle 29;21321349;maria
sony;calle 30;21321350;maria
sony;calle 31;21321351;maria
sony;calle 32;21321352;maria
sony;calle 33;21321353;maria
sony;calle 34;21321354;maria
sony;calle 35;21321355;maria
sony;calle 36;21321356;maria
sony;calle 37;21321357;maria
sony;calle 38;21321358;maria
sony;calle 39;21321359;maria
sony;calle 40;21321360;maria
sony;calle 41;21321361;maria
sony;calle 42;21321362;maria
sony;calle 43;21321363;maria
sony;calle 44;21321364;maria
sony;calle 45;21321365;maria
sony;calle 46;21321366;maria
sony;calle 47;21321367;maria
sony;calle 48;21321368;maria
sony;calle 49;21321369;maria
sony;calle 50;21321370;maria
sony;calle 51;21321371;maria
sony;calle 52;21321372;maria
sony;calle 53;21321373;maria
sony;calle 54;21321374;maria
sony;calle 55;21321375;maria
sony;calle 56;21321376;maria
sony;calle 57;21321377;maria
sony;calle 58;21321378;maria
sony;calle 59;21321379;maria
sony;calle 60;21321380;maria
sony;calle 61;21321381;maria
sony;calle 62;21321382;maria
sony;calle 63;21321383;maria
sony;calle 64;21321384;maria
sony;calle 65;21321385;maria
sony;calle 66;21321386;maria
sony;calle 67;21321387;maria
sony;calle 68;21321388;maria
sony;calle 69;21321389;maria
sony;calle 70;21321390;maria
sony;calle 71;21321391;maria
sony;calle 72;21321392;maria
sony;calle 73;21321393;maria
sony;calle 74;21321394;maria
sony;calle 75;21321395;maria
sony;calle 76;21321396;maria
sony;calle 77;21321397;maria
sony;calle 78;21321398;maria
sony;calle 79;21321399;maria
sony;calle 80;21321400;maria
sony;calle 81;21321401;maria
sony;calle 82;21321402;maria
sony;calle 83;21321403;maria
sony;calle 84;21321404;maria
sony;calle 85;21321405;maria
sony;calle 86;21321406;maria
sony;calle 87;21321407;maria
sony;calle 88;21321408;maria
sony;calle 89;21321409;maria
sony;calle 90;21321410;maria
sony;calle 91;21321411;maria
sony;calle 92;21321412;maria
sony;calle 93;21321413;maria
sony;calle 94;21321414;maria
sony;calle 95;21321415;maria
sony;calle 96;21321416;maria
sony;calle 97;21321417;maria
sony;calle 98;21321418;maria
sony;calle 99;21321419;maria
sony;calle 100;21321420;maria
sony;calle 101;21321421;maria
sony;calle 102;21321422;maria
sony;calle 103;21321423;maria
sony;calle 104;21321424;maria
sony;calle 105;21321425;maria
sony;calle 106;21321426;maria
sony;calle 107;21321427;maria
sony;calle 108;21321428;maria
sony;calle 109;21321429;maria
sony;calle 110;21321430;maria
sony;calle 111;21321431;maria
sony;calle 112;21321432;maria
sony;calle 113;21321433;maria
sony;calle 114;21321434;maria
sony;calle 115;21321435;maria
sony;calle 116;21321436;maria
sony;calle 117;21321437;maria
sony;calle 118;21321438;maria
sony;calle 119;21321439;maria
sony;calle 120;21321440;maria
sony;calle 121;21321441;maria
sony;calle 122;21321442;maria
sony;calle 123;21321443;maria
sony;calle 124;21321444;maria
sony;calle 125;21321445;maria
sony;calle 126;21321446;maria
sony;calle 127;21321447;maria
sony;calle 128;21321448;maria
sony;calle 129;21321449;maria
sony;calle 130;21321450;maria
sony;calle 131;21321451;maria
sony;calle 132;21321452;maria
sony;calle 133;21321453;maria
sony;calle 134;21321454;maria
sony;calle 135;21321455;maria
sony;calle 136;21321456;maria
sony;calle 137;21321457;maria
sony;calle 138;21321458;maria
sony;calle 139;21321459;maria
sony;calle 140;21321460;maria
sony;calle 141;21321461;maria
sony;calle 142;21321462;maria
sony;calle 143;21321463;maria
sony;calle 144;21321464;maria
sony;calle 145;21321465;maria
sony;calle 146;21321466;maria
sony;calle 147;21321467;maria
sony;calle 148;21321468;maria
sony;calle 149;21321469;maria
sony;calle 150;21321470;maria
sony;calle 151;21321471;maria
sony;calle 152;21321472;maria
sony;calle 153;21321473;maria
sony;calle 154;21321474;maria
sony;calle 155;21321475;maria
sony;calle 156;21321476;maria
sony;calle 157;21321477;maria
sony;calle 158;21321478;maria
sony;calle 159;21321479;maria
sony;calle 160;21321480;maria
sony;calle 161;21321481;maria
sony;calle 162;21321482;maria
sony;calle 163;21321483;maria
sony;calle 164;21321484;maria
sony;calle 165;21321485;maria
sony;calle 166;21321486;maria
sony;calle 167;21321487;maria
sony;calle 168;21321488;maria
sony;calle 169;21321489;maria
sony;calle 170;21321490;maria
sony;calle 171;21321491;maria
sony;calle 172;21321492;maria
sony;calle 173;21321493;maria
sony;calle 174;21321494;maria
sony;calle 175;21321495;maria
sony;calle 176;21321496;maria
sony;calle 177;21321497;maria
sony;calle 178;21321498;maria
sony;calle 179;21321499;maria
sony;calle 180;21321500;maria
sony;calle 181;21321501;maria
sony;calle 182;21321502;maria
sony;calle 183;21321503;maria
sony;calle 184;21321504;maria
sony;calle 185;21321505;maria
sony;calle 186;21321506;maria
sony;calle 187;21321507;maria
sony;calle 188;21321508;maria
sony;calle 189;21321509;maria
sony;calle 190;21321510;maria
sony;calle 191;21321511;maria
sony;calle 192;21321512;maria
sony;calle 193;21321513;maria
sony;calle 194;21321514;maria
sony;calle 195;21321515;maria
sony;calle 196;21321516;maria
sony;calle 197;21321517;maria
sony;calle 198;21321518;maria
sony;calle 199;21321519;maria
sony;calle 200;21321520;maria
sony;calle 201;21321521;maria
sony;calle 202;21321522;maria
sony;calle 203;21321523;maria
sony;calle 204;21321524;maria
sony;calle 205;21321525;maria
sony;calle 206;21321526;maria
sony;calle 207;21321527;maria
sony;calle 208;21321528;maria
sony;calle 209;21321529;maria
sony;calle 210;21321530;maria
sony;calle 211;21321531;maria
sony;calle 212;21321532;maria
sony;calle 213;21321533;maria
sony;calle 214;21321534;maria
sony;calle 215;21321535;maria
sony;calle 216;21321536;maria
sony;calle 217;21321537;maria
sony;calle 218;21321538;maria
sony;calle 219;21321539;maria
sony;calle 220;21321540;maria
sony;calle 221;21321541;maria
sony;calle 222;21321542;maria
sony;calle 223;21321543;maria
sony;calle 224;21321544;maria
sony;calle 225;21321545;maria
sony;calle 226;21321546;maria
sony;calle 227;21321547;maria
sony;calle 228;21321548;maria
sony;calle 229;21321549;maria
sony;calle 230;21321550;maria
sony;calle 231;21321551;maria
sony;calle 232;21321552;maria
sony;calle 233;21321553;maria
sony;calle 234;21321554;maria
sony;calle 235;21321555;maria
sony;calle 236;21321556;maria
sony;calle 237;21321557;maria
sony;calle 238;21321558;maria
sony;calle 239;21321559;maria
sony;calle 240;21321560;maria
sony;calle 241;21321561;maria
sony;calle 242;21321562;maria
sony;calle 243;21321563;maria
sony;calle 244;21321564;maria
sony;calle 245;21321565;maria
sony;calle 246;21321566;maria
sony;calle 247;21321567;maria
sony;calle 248;21321568;maria
sony;calle 249;21321569;maria
sony;calle 250;21321570;maria
sony;calle 251;21321571;maria
sony;calle 252;21321572;maria
sony;calle 253;21321573;maria
sony;calle 254;21321574;maria
sony;calle 255;21321575;maria
sony;calle 256;21321576;maria
sony;calle 257;21321577;maria
sony;calle 258;21321578;maria
sony;calle 259;21321579;maria
sony;calle 260;21321580;maria
sony;calle 261;21321581;maria
sony;calle 262;21321582;maria
sony;calle 263;21321583;maria
sony;calle 264;21321584;maria
sony;calle 265;21321585;maria
sony;calle 266;21321586;maria
sony;calle 267;21321587;maria
sony;calle 268;21321588;maria
sony;calle 269;21321589;maria
sony;calle 270;21321590;maria
sony;calle 271;21321591;maria
sony;calle 272;21321592;maria
sony;calle 273;21321593;maria
sony;calle 274;21321594;maria
sony;calle 275;21321595;maria
sony;calle 276;21321596;maria
sony;calle 277;21321597;maria
sony;calle 278;21321598;maria
sony;calle 279;21321599;maria
sony;calle 280;21321600;maria
sony;calle 281;21321601;maria
sony;calle 282;21321602;maria
sony;calle 283;21321603;maria
sony;calle 284;21321604;maria
sony;calle 285;21321605;maria
sony;calle 286;21321606;maria
sony;calle 287;21321607;maria
sony;calle 288;21321608;maria
sony;calle 289;21321609;maria
sony;calle 290;21321610;maria
sony;calle 291;21321611;maria
sony;calle 292;21321612;maria
sony;calle 293;21321613;maria
sony;calle 294;21321614;maria
sony;calle 295;21321615;maria
sony;calle 296;21321616;maria
sony;calle 297;21321617;maria
sony;calle 298;21321618;maria
sony;calle 299;21321619;maria
sony;calle 300;21321620;maria
sony;calle 301;21321621;maria
sony;calle 302;21321622;maria
sony;calle 303;21321623;maria
sony;calle 304;21321624;maria
sony;calle 305;21321625;maria
sony;calle 306;21321626;maria
sony;calle 307;21321627;maria
sony;calle 308;21321628;maria
sony;calle 309;21321629;maria
sony;calle 310;21321630;maria
sony;calle 311;21321631;maria
sony;calle 312;21321632;maria
sony;calle 313;21321633;maria
sony;calle 314;21321634;maria
sony;calle 315;21321635;maria
sony;calle 316;21321636;maria
sony;calle 317;21321637;maria
sony;calle 318;21321638;maria
sony;calle 319;21321639;maria
sony;calle 320;21321640;maria
sony;calle 321;21321641;maria
sony;calle 322;21321642;maria
sony;calle 323;21321643;maria
sony;calle 324;21321644;maria
sony;calle 325;21321645;maria
sony;calle 326;21321646;maria
sony;calle 327;21321647;maria
sony;calle 328;21321648;maria
sony;calle 329;21321649;maria
sony;calle 330;21321650;maria
sony;calle 331;21321651;maria
sony;calle 332;21321652;maria
sony;calle 333;21321653;maria
sony;calle 334;21321654;maria
sony;calle 335;21321655;maria
sony;calle 336;21321656;maria
sony;calle 337;21321657;maria
sony;calle 338;21321658;maria
sony;calle 339;21321659;maria
sony;calle 340;21321660;maria
sony;calle 341;21321661;maria
sony;calle 342;21321662;maria
sony;calle 343;21321663;maria
sony;calle 344;21321664;maria
sony;calle 345;21321665;maria
sony;calle 346;21321666;maria
sony;calle 347;21321667;maria
sony;calle 348;21321668;maria
sony;calle 349;21321669;maria
sony;calle 350;21321670;maria
sony;calle 351;21321671;maria
sony;calle 352;21321672;maria
sony;calle 353;21321673;maria
sony;calle 354;21321674;maria
sony;calle 355;21321675;maria
sony;calle 356;21321676;maria
sony;calle 357;21321677;maria
sony;calle 358;21321678;maria
sony;calle 359;21321679;maria
sony;calle 360;21321680;maria
sony;calle 361;21321681;maria
sony;calle 362;21321682;maria
sony;calle 363;21321683;maria
sony;calle 364;21321684;maria
sony;calle 365;21321685;maria
sony;calle 366;21321686;maria
sony;calle 367;21321687;maria
sony;calle 368;21321688;maria
sony;calle 369;21321689;maria
sony;calle 370;21321690;maria
sony;calle 371;21321691;maria
sony;calle 372;21321692;maria
sony;calle 373;21321693;maria
sony;calle 374;21321694;maria
sony;calle 375;21321695;maria
sony;calle 376;21321696;maria
sony;calle 377;21321697;maria
sony;calle 378;21321698;maria
sony;calle 379;21321699;maria
sony;calle 380;21321700;maria
sony;calle 381;21321701;maria
sony;calle 382;21321702;maria
sony;calle 383;21321703;maria
sony;calle 384;21321704;maria
sony;calle 385;21321705;maria
sony;calle 386;21321706;maria
sony;calle 387;21321707;maria
sony;calle 388;21321708;maria
sony;calle 389;21321709;maria
sony;calle 390;21321710;maria
sony;calle 391;21321711;maria
sony;calle 392;21321712;maria
sony;calle 393;21321713;maria
sony;calle 394;21321714;maria
sony;calle 395;21321715;maria
sony;calle 396;21321716;maria
sony;calle 397;21321717;maria
sony;calle 398;21321718;maria
sony;calle 399;21321719;maria
sony;calle 400;21321720;maria
sony;calle 401;21321721;maria
sony;calle 402;21321722;maria
sony;calle 403;21321723;maria
sony;calle 404;21321724;maria
sony;calle 405;21321725;maria
sony;calle 406;21321726;maria
sony;calle 407;21321727;maria
sony;calle 408;21321728;maria
sony;calle 409;21321729;maria
sony;calle 410;21321730;maria
sony;calle 411;21321731;maria
sony;calle 412;21321732;maria
sony;calle 413;21321733;maria
sony;calle 414;21321734;maria
sony;calle 415;21321735;maria
sony;calle 416;21321736;maria
sony;calle 417;21321737;maria
sony;calle 418;21321738;maria
sony;calle 419;21321739;maria
sony;calle 420;21321740;maria
sony;calle 421;21321741;maria
sony;calle 422;21321742;maria
sony;calle 423;21321743;maria
sony;calle 424;21321744;maria
sony;calle 425;21321745;maria
sony;calle 426;21321746;maria
sony;calle 427;21321747;maria
sony;calle 428;21321748;maria
sony;calle 429;21321749;maria
sony;calle 430;21321750;maria
sony;calle 431;21321751;maria
sony;calle 432;21321752;maria
sony;calle 433;21321753;maria
sony;calle 434;21321754;maria
sony;calle 435;21321755;maria
sony;calle 436;21321756;maria
sony;calle 437;21321757;maria
sony;calle 438;21321758;maria
sony;calle 439;21321759;maria
sony;calle 440;21321760;maria
sony;calle 441;21321761;maria
sony;calle 442;21321762;maria
sony;calle 443;21321763;maria
sony;calle 444;21321764;maria
sony;calle 445;21321765;maria
sony;calle 446;21321766;maria
sony;calle 447;21321767;maria
sony;calle 448;21321768;maria
sony;calle 449;21321769;maria
sony;calle 450;21321770;maria
sony;calle 451;21321771;maria
sony;calle 452;21321772;maria
sony;calle 453;21321773;maria
sony;calle 454;21321774;maria
sony;calle 455;21321775;maria
sony;calle 456;21321776;maria
sony;calle 457;21321777;maria
sony;calle 458;21321778;maria
sony;calle 459;21321779;maria
sony;calle 460;21321780;maria
sony;calle 461;21321781;maria
sony;calle 462;21321782;maria
sony;calle 463;21321783;maria
sony;calle 464;21321784;maria
sony;calle 465;21321785;maria
sony;calle 466;21321786;maria
sony;calle 467;21321787;maria
sony;calle 468;21321788;maria
sony;calle 469;21321789;maria
sony;calle 470;21321790;maria
sony;calle 471;21321791;maria
sony;calle 472;21321792;maria
sony;calle 473;21321793;maria
sony;calle 474;21321794;maria
sony;calle 475;21321795;maria
sony;calle 476;21321796;maria
sony;calle 477;21321797;maria
sony;calle 478;21321798;maria
sony;calle 479;21321799;maria
sony;calle 480;21321800;maria
sony;calle 481;21321801;maria
sony;calle 482;21321802;maria
sony;calle 483;21321803;maria
sony;calle 484;21321804;maria
sony;calle 485;21321805;maria
sony;calle 486;21321806;maria
sony;calle 487;21321807;maria
sony;calle 488;21321808;maria
sony;calle 489;21321809;maria
sony;calle 490;21321810;maria
sony;calle 491;21321811;maria
sony;calle 492;21321812;maria
sony;calle 493;21321813;maria
sony;calle 494;21321814;maria
sony;calle 495;21321815;maria
sony;calle 496;21321816;maria
sony;calle 497;21321817;maria
sony;calle 498;21321818;maria
sony;calle 499;21321819;maria
sony;calle 500;21321820;maria
sony;calle 501;21321821;maria
sony;calle 502;21321822;maria
sony;calle 503;21321823;maria
sony;calle 504;21321824;maria
sony;calle 505;21321825;maria
sony;calle 506;21321826;maria
sony;calle 507;21321827;maria
sony;calle 508;21321828;maria
sony;calle 509;21321829;maria
sony;calle 510;21321830;maria
sony;calle 511;21321831;maria
sony;calle 512;21321832;maria
sony;calle 513;21321833;maria
sony;calle 514;21321834;maria
sony;calle 515;21321835;maria
