Gabriel;14521542;gabriel1@hotmail.com
Gabriel;14521543;gabriel1@hotmail.com
Gabriel;14521544;gabriel1@hotmail.com
Gabriel;14521545;gabriel1@hotmail.com
Gabriel;14521546;gabriel1@hotmail.com
Gabriel;14521547;gabriel1@hotmail.com
Gabriel;14521548;gabriel1@hotmail.com
Gabriel;14521549;gabriel1@hotmail.com
Gabriel;14521550;gabriel1@hotmail.com
Gabriel;14521551;gabriel1@hotmail.com
Gabriel;14521552;gabriel1@hotmail.com
Gabriel;14521553;gabriel1@hotmail.com
Gabriel;14521554;gabriel1@hotmail.com
Gabriel;14521555;gabriel1@hotmail.com
Gabriel;14521556;gabriel1@hotmail.com
Gabriel;14521557;gabriel1@hotmail.com
Gabriel;14521558;gabriel1@hotmail.com
Gabriel;14521559;gabriel1@hotmail.com
Gabriel;14521560;gabriel1@hotmail.com
Gabriel;14521561;gabriel1@hotmail.com
Gabriel;14521562;gabriel1@hotmail.com
Gabriel;14521563;gabriel1@hotmail.com
Gabriel;14521564;gabriel1@hotmail.com
Gabriel;14521565;gabriel1@hotmail.com
Gabriel;14521566;gabriel1@hotmail.com
Gabriel;14521567;gabriel1@hotmail.com
Gabriel;14521568;gabriel1@hotmail.com
Gabriel;14521569;gabriel1@hotmail.com
Gabriel;14521570;gabriel1@hotmail.com
Gabriel;14521571;gabriel1@hotmail.com
Gabriel;14521572;gabriel1@hotmail.com
Gabriel;14521573;gabriel1@hotmail.com
Gabriel;14521574;gabriel1@hotmail.com
Gabriel;14521575;gabriel1@hotmail.com
Gabriel;14521576;gabriel1@hotmail.com
Gabriel;14521577;gabriel1@hotmail.com
Gabriel;14521578;gabriel1@hotmail.com
Gabriel;14521579;gabriel1@hotmail.com
Gabriel;14521580;gabriel1@hotmail.com
Gabriel;14521581;gabriel1@hotmail.com
Gabriel;14521582;gabriel1@hotmail.com
Gabriel;14521583;gabriel1@hotmail.com
Gabriel;14521584;gabriel1@hotmail.com
Gabriel;14521585;gabriel1@hotmail.com
Gabriel;14521586;gabriel1@hotmail.com
Gabriel;14521587;gabriel1@hotmail.com
Gabriel;14521588;gabriel1@hotmail.com
Gabriel;14521589;gabriel1@hotmail.com
Gabriel;14521590;gabriel1@hotmail.com
Gabriel;14521591;gabriel1@hotmail.com
Gabriel;14521592;gabriel1@hotmail.com
Gabriel;14521593;gabriel1@hotmail.com
Gabriel;14521594;gabriel1@hotmail.com
Gabriel;14521595;gabriel1@hotmail.com
Gabriel;14521596;gabriel1@hotmail.com
Gabriel;14521597;gabriel1@hotmail.com
Gabriel;14521598;gabriel1@hotmail.com
Gabriel;14521599;gabriel1@hotmail.com
Gabriel;14521600;gabriel1@hotmail.com
Gabriel;14521601;gabriel1@hotmail.com
Gabriel;14521602;gabriel1@hotmail.com
Gabriel;14521603;gabriel1@hotmail.com
Gabriel;14521604;gabriel1@hotmail.com
Gabriel;14521605;gabriel1@hotmail.com
Gabriel;14521606;gabriel1@hotmail.com
Gabriel;14521607;gabriel1@hotmail.com
Gabriel;14521608;gabriel1@hotmail.com
Gabriel;14521609;gabriel1@hotmail.com
Gabriel;14521610;gabriel1@hotmail.com
Gabriel;14521611;gabriel1@hotmail.com
Gabriel;14521612;gabriel1@hotmail.com
Gabriel;14521613;gabriel1@hotmail.com
Gabriel;14521614;gabriel1@hotmail.com
Gabriel;14521615;gabriel1@hotmail.com
Gabriel;14521616;gabriel1@hotmail.com
Gabriel;14521617;gabriel1@hotmail.com
Gabriel;14521618;gabriel1@hotmail.com
Gabriel;14521619;gabriel1@hotmail.com
Gabriel;14521620;gabriel1@hotmail.com
Gabriel;14521621;gabriel1@hotmail.com
Gabriel;14521622;gabriel1@hotmail.com
Gabriel;14521623;gabriel1@hotmail.com
Gabriel;14521624;gabriel1@hotmail.com
Gabriel;14521625;gabriel1@hotmail.com
Gabriel;14521626;gabriel1@hotmail.com
Gabriel;14521627;gabriel1@hotmail.com
Gabriel;14521628;gabriel1@hotmail.com
Gabriel;14521629;gabriel1@hotmail.com
Gabriel;14521630;gabriel1@hotmail.com
Gabriel;14521631;gabriel1@hotmail.com
Gabriel;14521632;gabriel1@hotmail.com
Gabriel;14521633;gabriel1@hotmail.com
Gabriel;14521634;gabriel1@hotmail.com
Gabriel;14521635;gabriel1@hotmail.com
Gabriel;14521636;gabriel1@hotmail.com
Gabriel;14521637;gabriel1@hotmail.com
Gabriel;14521638;gabriel1@hotmail.com
Gabriel;14521639;gabriel1@hotmail.com
Gabriel;14521640;gabriel1@hotmail.com
Gabriel;14521641;gabriel1@hotmail.com
Gabriel;14521642;gabriel1@hotmail.com
Gabriel;14521643;gabriel1@hotmail.com
Gabriel;14521644;gabriel1@hotmail.com
Gabriel;14521645;gabriel1@hotmail.com
Gabriel;14521646;gabriel1@hotmail.com
Gabriel;14521647;gabriel1@hotmail.com
Gabriel;14521648;gabriel1@hotmail.com
Gabriel;14521649;gabriel1@hotmail.com
Gabriel;14521650;gabriel1@hotmail.com
Gabriel;14521651;gabriel1@hotmail.com
Gabriel;14521652;gabriel1@hotmail.com
Gabriel;14521653;gabriel1@hotmail.com
Gabriel;14521654;gabriel1@hotmail.com
Gabriel;14521655;gabriel1@hotmail.com
Gabriel;14521656;gabriel1@hotmail.com
Gabriel;14521657;gabriel1@hotmail.com
Gabriel;14521658;gabriel1@hotmail.com
Gabriel;14521659;gabriel1@hotmail.com
Gabriel;14521660;gabriel1@hotmail.com
Gabriel;14521661;gabriel1@hotmail.com
Gabriel;14521662;gabriel1@hotmail.com
Gabriel;14521663;gabriel1@hotmail.com
Gabriel;14521664;gabriel1@hotmail.com
Gabriel;14521665;gabriel1@hotmail.com
Gabriel;14521666;gabriel1@hotmail.com
Gabriel;14521667;gabriel1@hotmail.com
Gabriel;14521668;gabriel1@hotmail.com
Gabriel;14521669;gabriel1@hotmail.com
Gabriel;14521670;gabriel1@hotmail.com
Gabriel;14521671;gabriel1@hotmail.com
Gabriel;14521672;gabriel1@hotmail.com
Gabriel;14521673;gabriel1@hotmail.com
Gabriel;14521674;gabriel1@hotmail.com
Gabriel;14521675;gabriel1@hotmail.com
Gabriel;14521676;gabriel1@hotmail.com
Gabriel;14521677;gabriel1@hotmail.com
Gabriel;14521678;gabriel1@hotmail.com
Gabriel;14521679;gabriel1@hotmail.com
Gabriel;14521680;gabriel1@hotmail.com
Gabriel;14521681;gabriel1@hotmail.com
Gabriel;14521682;gabriel1@hotmail.com
Gabriel;14521683;gabriel1@hotmail.com
Gabriel;14521684;gabriel1@hotmail.com
Gabriel;14521685;gabriel1@hotmail.com
Gabriel;14521686;gabriel1@hotmail.com
Gabriel;14521687;gabriel1@hotmail.com
Gabriel;14521688;gabriel1@hotmail.com
Gabriel;14521689;gabriel1@hotmail.com
Gabriel;14521690;gabriel1@hotmail.com
